<?xml version="1.0" encoding="UTF-8"?>
<!DOCTYPE mapper
	PUBLIC "-//mybatis.org//DTD Mapper 3.0//EN"
	"https://mybatis.org/dtd/mybatis-3-mapper.dtd">
<mapper namespace="com.ace.member">
	<insert id="memberInsert" parameterType="com.ace.member.model.MemberDTO">
		insert into 
			member 
		values(idx_idx.nextval,
			#{com_idx}, 
			#{name},
			#{id}, 
			#{pwd}, 
			#{email}, 
			#{addr}, 
			#{tel},
			#{hum_num},
			#{dept},
			0,
			0,
			sysdate)
	</insert>
	<select id="memberLogin" resultType="String">
		select pwd from member where id=#{id}
	</select>
	<select id="getUserInfo" resultType="com.ace.member.model.MemberDTO">
		select 
			* 
		from
			member
		where id=#{id} 
	</select>
	<select id="idCheck" parameterType="String" resultType="String">
		select id from member where id=#{id}
	</select>
	<select id="idFind" parameterType="Map" resultType="String">
		select id from member where name=#{name} and email=#{email}
	</select>
	<select id="pwdFind" parameterType="Map" resultType="String">
		select pwd from member where id=#{id} and tel=#{tel} and name=#{name} and email=#{email}
	</select>
	<select id="memberList" parameterType="Integer" resultType="com.ace.member.model.MemberDTO">
		select * from member where com_idx=#{com_idx}
	</select>
	<update id="update" parameterType="com.ace.member.model.MemberDTO">
		update member set 
			name=#{name},
			email=#{email},
			addr=#{addr},
			tel=#{tel},
			dept=#{dept},
			sal=#{sal},
			rank_num=#{rank_num}
		where id=#{id}
	</update>
	<update id="memberPromotion" parameterType="Integer">
		update member set
			rank_num=3
		where idx=#{idx}
	</update>
	<select id="memberNot" parameterType="Map" resultType="com.ace.member.model.MemberDTO">
		select * from member where com_idx=#{com_idx} and rank_num=#{rank_num}
	</select>
</mapper>