<?xml version="1.0" encoding="UTF-8" ?>
<!DOCTYPE mapper
  PUBLIC "-//mybatis.org//DTD Mapper 3.0//EN"
  "https://mybatis.org/dtd/mybatis-3-mapper.dtd">
<mapper namespace="com.ace.schedule">
	<insert id="insertSchedule" parameterType="com.ace.schedule.model.ScheduleDTO">
		insert into
		scheduler
		values(
		scheduler_idx.nextval,
		#{idx},
		#{com_idx},
		#{sort},
		#{title},
		#{content},
		to_date(#{sdate}),
		#{stime},
		#{etime}
		)
	</insert>
	<update id="updateSchedule" parameterType="com.ace.schedule.model.ScheduleDTO">
		update scheduler
		set 
		title=#{title},
		stime=#{stime},
		etime=#{etime},
		content=#{content}
		where schedule_idx=#{schedule_idx}
	</update>
	<select id="selectSchedule" parameterType="Map" resultType="com.ace.schedule.model.ScheduleDTO">
		select *
		from scheduler
		where EXTRACT(YEAR FROM sdate) = #{year} and 
		EXTRACT(MONTH FROM sdate) =  #{month}
		and sort=#{sort} 
		<if test="sort==1">
			and idx=#{idx}
		</if>
		<if test="sort==2">
			and com_idx=(select com_idx from member where idx=#{idx}) and (select dept from member where idx=#{idx})=(select dept from member where idx=#{idx})
		</if>
		<if test="sort==3">
			and com_idx=(select com_idx from member where idx=#{idx})
		</if>
		order by stime
	</select>
	<delete id="deleteSchedule" parameterType="int">
		delete 
		from scheduler
		where schedule_idx=#{schedule_idx}
	</delete>
</mapper>