<?xml version="1.0" encoding="UTF-8"?>
<beans xmlns="http://www.springframework.org/schema/beans"
   xmlns:context="http://www.springframework.org/schema/context"
   xmlns:xsi="http://www.w3.org/2001/XMLSchema-instance"
   xsi:schemaLocation="http://www.springframework.org/schema/beans http://www.springframework.org/schema/beans/spring-beans.xsd
   http://www.springframework.org/schema/context http://www.springframework.org/schema/context/spring-context-4.0.xsd">

   <!-- configs -->
   <context:component-scan base-package="com.ace"></context:component-scan>
   
   <bean class="org.springframework.beans.factory.annotation.AutowiredAnnotationBeanPostProcessor"></bean>
   <bean id="multipartResolver" class="org.springframework.web.multipart.commons.CommonsMultipartResolver">
      <property name="maxUploadSize" value="10485760"></property>
   </bean>
   
   <!-- services -->
<bean id="scheduleService" class="com.ace.schedule.service.ScheduleServiceImple">
<property name="scheduleDao" ref="scheduleDao"/>
</bean>
<bean id="companyService" class="com.ace.company.service.CompanyServiceImple">
<property name="companyDao" ref="companyDao"/>
</bean>
<bean id="memberService" class="com.ace.member.service.MemberServiceImple">
<property name="memberDao" ref="memberDao"/>
</bean>
<bean id="client_telService" class="com.ace.client_tel.service.Client_TelServiceImple">
<property name="client_telDao" ref="client_telDao"/>
</bean>
<bean id="company_newsService" class="com.ace.company_news.service.company_newsServiceImple">
<property name="company_newsDao" ref="company_newsDao"/>
</bean>
<bean id="company_eventService" class="com.ace.company_event.service.company_eventServiceImple">
<property name="company_eventDao" ref="company_eventDao"/>
</bean>

  
   
   <!-- viewResolvers -->
   <bean id="yongJson" class="org.springframework.web.servlet.view.json.MappingJackson2JsonView"></bean>
   <bean class="org.springframework.web.servlet.view.BeanNameViewResolver">
      <property name="order" value="0"></property>
   </bean>
   <bean id="viewResolver" 
      class="org.springframework.web.servlet.view.InternalResourceViewResolver">
      <property name="prefix" value="/WEB-INF/views/"></property>
      <property name="suffix" value=".jsp"></property>
      <property name="order" value="1"></property>
   </bean>
</beans>